{
  "featureNames": [
    "technical",
    "volatility20d",
    "technical_/_(1_+_volatility20d)"
  ],
  "means": [
    57.4716614255864,
    39.28725450924543,
    4.306713753947361
  ],
  "stds": [
    4.005725974746747,
    22.20341587279082,
    11.850955888948944
  ],
  "fittedOn": "train_only"
}