{
  "featureNames": [
    "technical",
    "volatility20d",
    "technical_/_(1_+_volatility20d)"
  ],
  "means": [
    57.5141835822094,
    38.267812862551054,
    5.522177931905295
  ],
  "stds": [
    4.042375754898038,
    23.15442978359731,
    14.141079949546466
  ],
  "fittedOn": "train_only"
}