{
  "featureNames": [
    "technical",
    "volatility20d",
    "technical_/_(1_+_volatility20d)"
  ],
  "means": [
    57.449678402545885,
    39.11249472221619,
    4.7757970774728085
  ],
  "stds": [
    4.046928097788812,
    22.639581811248476,
    12.836102268976948
  ],
  "fittedOn": "train_only"
}