{
  "featureNames": [
    "technical",
    "volatility20d",
    "technical_/_(1_+_volatility20d)"
  ],
  "means": [
    57.49509498560775,
    38.06929427012252,
    4.035575811377714
  ],
  "stds": [
    3.9116747777635665,
    21.927706972180125,
    11.032937279663374
  ],
  "fittedOn": "train_only"
}